{
  "_generated": "Generated by SweetTooth, do not edit",
  "description": "Customize GNOME's Lockscreen from the lockscreen itself.",
  "donations": {
    "buymeacoffee": "pratap.panabaka"
  },
  "name": "Lockscreen Extension",
  "session-modes": [
    "unlock-dialog"
  ],
  "settings-schema": "org.gnome.shell.extensions.lockscreen-extension",
  "shell-version": [
    "45",
    "46",
    "47",
    "48",
    "49"
  ],
  "url": "https://github.com/pratap-panabaka/gse-lockscreen-extension",
  "uuid": "lockscreen-extension@pratap.fastmail.fm",
  "version": 14
}